conflict_id         , pair          , content_class, style_class, content_id, style_id, alpha, resnet50_prediction, resnet50_decision, vit_b_16_prediction, vit_b_16_decision, clip_vit_b_32_prediction, clip_vit_b_32_decision, clip_vit_b_32_zero_shot_prediction, clip_vit_b_32_zero_shot_decision
c0_s1_0000_7975_3588, airplane__bird, airplane     , bird       ,       7975,     3588,   0.7, ship               , other            , airplane           , shape            , airplane                , shape                 , airplane                          , shape
c0_s1_0001_6500_5425, airplane__bird, airplane     , bird       ,       6500,     5425,   0.7, bird               , texture          , airplane           , shape            , airplane                , shape                 , airplane                          , shape
c0_s1_0002_359_3161 , airplane__bird, airplane     , bird       ,        359,     3161,   0.7, ship               , other            , airplane           , shape            , airplane                , shape                 , airplane                          , shape
c0_s1_0003_808_6982 , airplane__bird, airplane     , bird       ,        808,     6982,   0.7, bird               , texture          , airplane           , shape            , airplane                , shape                 , airplane                          , shape
c0_s1_0004_422_5240 , airplane__bird, airplane     , bird       ,        422,     5240,   0.7, deer               , other            , airplane           , shape            , airplane                , shape                 , bird                              , texture
c0_s1_0005_7782_4188, airplane__bird, airplane     , bird       ,       7782,     4188,   0.7, airplane           , shape            , airplane           , shape            , airplane                , shape                 , airplane                          , shape
c0_s1_0009_5067_5093, airplane__bird, airplane     , bird       ,       5067,     5093,   0.7, bird               , texture          , bird               , texture          , bird                    , texture               , bird                              , texture
c0_s1_0010_5276_1428, airplane__bird, airplane     , bird       ,       5276,     1428,   0.7, bird               , texture          , airplane           , shape            , airplane                , shape                 , airplane                          , shape
c0_s1_0011_298_4361 , airplane__bird, airplane     , bird       ,        298,     4361,   0.7, bird               , texture          , airplane           , shape            , airplane                , shape                 , airplane                          , shape
c0_s1_0012_480_4188 , airplane__bird, airplane     , bird       ,        480,     4188,   0.7, bird               , texture          , airplane           , shape            , airplane                , shape                 , airplane                          , shape
c0_s1_0013_5068_6498, airplane__bird, airplane     , bird       ,       5068,     6498,   0.7, airplane           , shape            , airplane           , shape            , airplane                , shape                 , airplane                          , shape
c0_s1_0014_5068_564 , airplane__bird, airplane     , bird       ,       5068,      564,   0.7, bird               , texture          , airplane           , shape            , airplane                , shape                 , airplane                          , shape
c0_s1_0015_241_1428 , airplane__bird, airplane     , bird       ,        241,     1428,   0.7, bird               , texture          , airplane           , shape            , bird                    , texture               , ship                              , other
c0_s1_0016_1463_3530, airplane__bird, airplane     , bird       ,       1463,     3530,   0.7, bird               , texture          , airplane           , shape            , airplane                , shape                 , airplane                          , shape
c0_s1_0017_2937_5394, airplane__bird, airplane     , bird       ,       2937,     5394,   0.7, bird               , texture          , airplane           , shape            , airplane                , shape                 , airplane                          , shape
c0_s1_0018_5624_5830, airplane__bird, airplane     , bird       ,       5624,     5830,   0.7, airplane           , shape            , airplane           , shape            , airplane                , shape                 , airplane                          , shape
c0_s1_0020_5068_4709, airplane__bird, airplane     , bird       ,       5068,     4709,   0.7, bird               , texture          , airplane           , shape            , airplane                , shape                 , airplane                          , shape
c0_s1_0022_1463_3834, airplane__bird, airplane     , bird       ,       1463,     3834,   0.7, bird               , texture          , bird               , texture          , bird                    , texture               , bird                              , texture
c0_s1_0023_241_6410 , airplane__bird, airplane     , bird       ,        241,     6410,   0.7, deer               , other            , airplane           , shape            , airplane                , shape                 , airplane                          , shape
c0_s1_0024_5785_1428, airplane__bird, airplane     , bird       ,       5785,     1428,   0.7, airplane           , shape            , bird               , texture          , airplane                , shape                 , airplane                          , shape
c1_s0_0000_6014_4533, airplane__bird, bird         , airplane   ,       6014,     4533,   0.7, bird               , shape            , bird               , shape            , bird                    , shape                 , bird                              , shape
c1_s0_0001_3144_7165, airplane__bird, bird         , airplane   ,       3144,     7165,   0.7, bird               , shape            , bird               , shape            , bird                    , shape                 , bird                              , shape
c1_s0_0002_963_7334 , airplane__bird, bird         , airplane   ,        963,     7334,   0.7, bird               , shape            , bird               , shape            , bird                    , shape                 , bird                              , shape
c1_s0_0003_1428_3999, airplane__bird, bird         , airplane   ,       1428,     3999,   0.7, bird               , shape            , bird               , shape            , bird                    , shape                 , bird                              , shape
c1_s0_0005_4709_2210, airplane__bird, bird         , airplane   ,       4709,     2210,   0.7, bird               , shape            , bird               , shape            , bird                    , shape                 , bird                              , shape
c1_s0_0008_4188_7334, airplane__bird, bird         , airplane   ,       4188,     7334,   0.7, bird               , shape            , bird               , shape            , bird                    , shape                 , bird                              , shape
c1_s0_0010_5830_3999, airplane__bird, bird         , airplane   ,       5830,     3999,   0.7, bird               , shape            , bird               , shape            , bird                    , shape                 , bird                              , shape
c1_s0_0011_2988_339 , airplane__bird, bird         , airplane   ,       2988,      339,   0.7, bird               , shape            , bird               , shape            , bird                    , shape                 , bird                              , shape
c1_s0_0012_5546_60  , airplane__bird, bird         , airplane   ,       5546,       60,   0.7, bird               , shape            , bird               , shape            , bird                    , shape                 , bird                              , shape
c1_s0_0013_1218_5276, airplane__bird, bird         , airplane   ,       1218,     5276,   0.7, bird               , shape            , bird               , shape            , bird                    , shape                 , bird                              , shape
c1_s0_0014_3161_728 , airplane__bird, bird         , airplane   ,       3161,      728,   0.7, bird               , shape            , bird               , shape            , bird                    , shape                 , bird                              , shape
c1_s0_0015_5929_3759, airplane__bird, bird         , airplane   ,       5929,     3759,   0.7, bird               , shape            , bird               , shape            , bird                    , shape                 , bird                              , shape
c1_s0_0016_1302_7975, airplane__bird, bird         , airplane   ,       1302,     7975,   0.7, bird               , shape            , bird               , shape            , bird                    , shape                 , bird                              , shape
c1_s0_0017_5425_60  , airplane__bird, bird         , airplane   ,       5425,       60,   0.7, bird               , shape            , bird               , shape            , bird                    , shape                 , bird                              , shape
c1_s0_0018_963_3397 , airplane__bird, bird         , airplane   ,        963,     3397,   0.7, bird               , shape            , bird               , shape            , bird                    , shape                 , bird                              , shape
c1_s0_0020_3834_298 , airplane__bird, bird         , airplane   ,       3834,      298,   0.7, bird               , shape            , bird               , shape            , bird                    , shape                 , bird                              , shape
c1_s0_0021_5929_4533, airplane__bird, bird         , airplane   ,       5929,     4533,   0.7, bird               , shape            , bird               , shape            , bird                    , shape                 , bird                              , shape
c1_s0_0022_1353_1977, airplane__bird, bird         , airplane   ,       1353,     1977,   0.7, bird               , shape            , bird               , shape            , bird                    , shape                 , bird                              , shape
c1_s0_0023_4709_60  , airplane__bird, bird         , airplane   ,       4709,       60,   0.7, bird               , shape            , bird               , shape            , bird                    , shape                 , bird                              , shape
c1_s0_0024_225_3999 , airplane__bird, bird         , airplane   ,        225,     3999,   0.7, bird               , shape            , bird               , shape            , bird                    , shape                 , bird                              , shape
c1_s2_0000_1740_6683, bird__car     , bird         , car        ,       1740,     6683,   0.7, bird               , shape            , bird               , shape            , bird                    , shape                 , bird                              , shape
c1_s2_0001_225_5577 , bird__car     , bird         , car        ,        225,     5577,   0.7, bird               , shape            , bird               , shape            , bird                    , shape                 , bird                              , shape
c1_s2_0002_6022_7711, bird__car     , bird         , car        ,       6022,     7711,   0.7, bird               , shape            , bird               , shape            , bird                    , shape                 , bird                              , shape
c1_s2_0003_5546_6683, bird__car     , bird         , car        ,       5546,     6683,   0.7, bird               , shape            , bird               , shape            , bird                    , shape                 , bird                              , shape
c1_s2_0004_5240_2436, bird__car     , bird         , car        ,       5240,     2436,   0.7, bird               , shape            , bird               , shape            , bird                    , shape                 , bird                              , shape
c1_s2_0006_7066_3067, bird__car     , bird         , car        ,       7066,     3067,   0.7, bird               , shape            , bird               , shape            , bird                    , shape                 , bird                              , shape
c1_s2_0007_1428_5463, bird__car     , bird         , car        ,       1428,     5463,   0.7, bird               , shape            , bird               , shape            , bird                    , shape                 , bird                              , shape
c1_s2_0009_2988_7327, bird__car     , bird         , car        ,       2988,     7327,   0.7, bird               , shape            , bird               , shape            , bird                    , shape                 , bird                              , shape
c1_s2_0010_5093_2909, bird__car     , bird         , car        ,       5093,     2909,   0.7, bird               , shape            , bird               , shape            , bird                    , shape                 , bird                              , shape
c1_s2_0011_1740_1179, bird__car     , bird         , car        ,       1740,     1179,   0.7, bird               , shape            , bird               , shape            , bird                    , shape                 , bird                              , shape
c1_s2_0012_6014_6548, bird__car     , bird         , car        ,       6014,     6548,   0.7, bird               , shape            , bird               , shape            , bird                    , shape                 , bird                              , shape
c1_s2_0014_5425_6548, bird__car     , bird         , car        ,       5425,     6548,   0.7, airplane           , other            , airplane           , other            , car                     , texture               , car                               , texture
c1_s2_0015_5929_2252, bird__car     , bird         , car        ,       5929,     2252,   0.7, bird               , shape            , bird               , shape            , bird                    , shape                 , bird                              , shape
c1_s2_0016_3537_6795, bird__car     , bird         , car        ,       3537,     6795,   0.7, bird               , shape            , bird               , shape            , bird                    , shape                 , bird                              , shape
c1_s2_0017_2673_313 , bird__car     , bird         , car        ,       2673,      313,   0.7, bird               , shape            , bird               , shape            , bird                    , shape                 , bird                              , shape
c1_s2_0018_3530_2611, bird__car     , bird         , car        ,       3530,     2611,   0.7, bird               , shape            , bird               , shape            , bird                    , shape                 , bird                              , shape
c1_s2_0019_275_6548 , bird__car     , bird         , car        ,        275,     6548,   0.7, airplane           , other            , airplane           , other            , bird                    , shape                 , bird                              , shape
c1_s2_0021_5093_6738, bird__car     , bird         , car        ,       5093,     6738,   0.7, bird               , shape            , bird               , shape            , bird                    , shape                 , bird                              , shape
c1_s2_0022_275_2915 , bird__car     , bird         , car        ,        275,     2915,   0.7, bird               , shape            , bird               , shape            , bird                    , shape                 , bird                              , shape
c1_s2_0024_225_4316 , bird__car     , bird         , car        ,        225,     4316,   0.7, bird               , shape            , bird               , shape            , bird                    , shape                 , bird                              , shape
c2_s1_0000_7392_3588, bird__car     , car          , bird       ,       7392,     3588,   0.7, car                , shape            , car                , shape            , car                     , shape                 , car                               , shape
c2_s1_0001_5011_5929, bird__car     , car          , bird       ,       5011,     5929,   0.7, car                , shape            , car                , shape            , car                     , shape                 , car                               , shape
c2_s1_0002_6216_4733, bird__car     , car          , bird       ,       6216,     4733,   0.7, car                , shape            , car                , shape            , car                     , shape                 , car                               , shape
c2_s1_0004_2436_1302, bird__car     , car          , bird       ,       2436,     1302,   0.7, bird               , texture          , car                , shape            , car                     , shape                 , car                               , shape
c2_s1_0005_2611_5425, bird__car     , car          , bird       ,       2611,     5425,   0.7, car                , shape            , car                , shape            , airplane                , other                 , truck                             , other
c2_s1_0006_2392_3161, bird__car     , car          , bird       ,       2392,     3161,   0.7, car                , shape            , car                , shape            , car                     , shape                 , car                               , shape
c2_s1_0007_1731_4709, bird__car     , car          , bird       ,       1731,     4709,   0.7, bird               , texture          , car                , shape            , car                     , shape                 , car                               , shape
c2_s1_0008_1179_6938, bird__car     , car          , bird       ,       1179,     6938,   0.7, car                , shape            , car                , shape            , car                     , shape                 , car                               , shape
c2_s1_0009_6548_1428, bird__car     , car          , bird       ,       6548,     1428,   0.7, car                , shape            , car                , shape            , car                     , shape                 , car                               , shape
c2_s1_0010_1731_6498, bird__car     , car          , bird       ,       1731,     6498,   0.7, car                , shape            , car                , shape            , car                     , shape                 , car                               , shape
c2_s1_0012_4605_7066, bird__car     , car          , bird       ,       4605,     7066,   0.7, car                , shape            , car                , shape            , car                     , shape                 , car                               , shape
c2_s1_0013_1179_3588, bird__car     , car          , bird       ,       1179,     3588,   0.7, car                , shape            , car                , shape            , car                     , shape                 , car                               , shape
c2_s1_0014_2503_3530, bird__car     , car          , bird       ,       2503,     3530,   0.7, horse              , other            , car                , shape            , car                     , shape                 , car                               , shape
c2_s1_0015_5577_5093, bird__car     , car          , bird       ,       5577,     5093,   0.7, car                , shape            , car                , shape            , car                     , shape                 , car                               , shape
c2_s1_0016_6981_3254, bird__car     , car          , bird       ,       6981,     3254,   0.7, car                , shape            , car                , shape            , car                     , shape                 , car                               , shape
c2_s1_0018_3067_3834, bird__car     , car          , bird       ,       3067,     3834,   0.7, car                , shape            , car                , shape            , car                     , shape                 , car                               , shape
c2_s1_0019_6738_1081, bird__car     , car          , bird       ,       6738,     1081,   0.7, car                , shape            , car                , shape            , car                     , shape                 , car                               , shape
c2_s1_0022_2611_7066, bird__car     , car          , bird       ,       2611,     7066,   0.7, car                , shape            , airplane           , other            , car                     , shape                 , car                               , shape
c2_s1_0023_5004_3161, bird__car     , car          , bird       ,       5004,     3161,   0.7, car                , shape            , car                , shape            , car                     , shape                 , car                               , shape
c2_s1_0024_1179_6072, bird__car     , car          , bird       ,       1179,     6072,   0.7, car                , shape            , car                , shape            , car                     , shape                 , car                               , shape
c1_s3_0001_6938_6094, bird__cat     , bird         , cat        ,       6938,     6094,   0.7, bird               , shape            , bird               , shape            , bird                    , shape                 , bird                              , shape
c1_s3_0002_4733_3375, bird__cat     , bird         , cat        ,       4733,     3375,   0.7, bird               , shape            , bird               , shape            , bird                    , shape                 , bird                              , shape
c1_s3_0003_3388_3375, bird__cat     , bird         , cat        ,       3388,     3375,   0.7, bird               , shape            , bird               , shape            , bird                    , shape                 , bird                              , shape
c1_s3_0004_5425_897 , bird__cat     , bird         , cat        ,       5425,      897,   0.7, dog                , other            , airplane           , other            , bird                    , shape                 , bird                              , shape
c1_s3_0005_3223_2785, bird__cat     , bird         , cat        ,       3223,     2785,   0.7, bird               , shape            , bird               , shape            , bird                    , shape                 , bird                              , shape
c1_s3_0006_1081_1563, bird__cat     , bird         , cat        ,       1081,     1563,   0.7, bird               , shape            , bird               , shape            , cat                     , texture               , deer                              , other
c1_s3_0007_6068_6459, bird__cat     , bird         , cat        ,       6068,     6459,   0.7, bird               , shape            , bird               , shape            , bird                    , shape                 , bird                              , shape
c1_s3_0008_1491_6094, bird__cat     , bird         , cat        ,       1491,     6094,   0.7, bird               , shape            , bird               , shape            , bird                    , shape                 , bird                              , shape
c1_s3_0009_1353_1531, bird__cat     , bird         , cat        ,       1353,     1531,   0.7, bird               , shape            , bird               , shape            , bird                    , shape                 , bird                              , shape
c1_s3_0010_4709_1622, bird__cat     , bird         , cat        ,       4709,     1622,   0.7, bird               , shape            , bird               , shape            , bird                    , shape                 , bird                              , shape
c1_s3_0011_5830_6385, bird__cat     , bird         , cat        ,       5830,     6385,   0.7, bird               , shape            , bird               , shape            , bird                    , shape                 , bird                              , shape
c1_s3_0013_5394_5294, bird__cat     , bird         , cat        ,       5394,     5294,   0.7, bird               , shape            , bird               , shape            , bird                    , shape                 , bird                              , shape
c1_s3_0014_4361_6632, bird__cat     , bird         , cat        ,       4361,     6632,   0.7, ship               , other            , bird               , shape            , airplane                , other                 , airplane                          , other
c1_s3_0015_5122_1968, bird__cat     , bird         , cat        ,       5122,     1968,   0.7, bird               , shape            , bird               , shape            , bird                    , shape                 , bird                              , shape
c1_s3_0016_3161_1968, bird__cat     , bird         , cat        ,       3161,     1968,   0.7, bird               , shape            , bird               , shape            , bird                    , shape                 , bird                              , shape
c1_s3_0019_7066_874 , bird__cat     , bird         , cat        ,       7066,      874,   0.7, bird               , shape            , bird               , shape            , bird                    , shape                 , bird                              , shape
c1_s3_0020_3144_4184, bird__cat     , bird         , cat        ,       3144,     4184,   0.7, bird               , shape            , bird               , shape            , bird                    , shape                 , bird                              , shape
c1_s3_0021_2988_3202, bird__cat     , bird         , cat        ,       2988,     3202,   0.7, bird               , shape            , bird               , shape            , bird                    , shape                 , bird                              , shape
c1_s3_0022_6022_6575, bird__cat     , bird         , cat        ,       6022,     6575,   0.7, bird               , shape            , bird               , shape            , bird                    , shape                 , bird                              , shape
c1_s3_0024_6498_6324, bird__cat     , bird         , cat        ,       6498,     6324,   0.7, deer               , other            , bird               , shape            , bird                    , shape                 , bird                              , shape
c3_s1_0000_1563_6938, bird__cat     , cat          , bird       ,       1563,     6938,   0.7, monkey             , other            , cat                , shape            , monkey                  , other                 , monkey                            , other
c3_s1_0001_3202_6938, bird__cat     , cat          , bird       ,       3202,     6938,   0.7, cat                , shape            , cat                , shape            , cat                     , shape                 , cat                               , shape
c3_s1_0002_5522_6498, bird__cat     , cat          , bird       ,       5522,     6498,   0.7, cat                , shape            , cat                , shape            , cat                     , shape                 , cat                               , shape
c3_s1_0004_589_1302 , bird__cat     , cat          , bird       ,        589,     1302,   0.7, bird               , texture          , cat                , shape            , bird                    , texture               , bird                              , texture
c3_s1_0006_6385_2988, bird__cat     , cat          , bird       ,       6385,     2988,   0.7, cat                , shape            , cat                , shape            , cat                     , shape                 , cat                               , shape
c3_s1_0007_4858_6498, bird__cat     , cat          , bird       ,       4858,     6498,   0.7, cat                , shape            , cat                , shape            , cat                     , shape                 , cat                               , shape
c3_s1_0008_6324_1302, bird__cat     , cat          , bird       ,       6324,     1302,   0.7, cat                , shape            , cat                , shape            , cat                     , shape                 , deer                              , other
c3_s1_0009_6826_6498, bird__cat     , cat          , bird       ,       6826,     6498,   0.7, cat                , shape            , cat                , shape            , horse                   , other                 , horse                             , other
c3_s1_0010_2785_6068, bird__cat     , cat          , bird       ,       2785,     6068,   0.7, horse              , other            , dog                , other            , cat                     , shape                 , cat                               , shape
c3_s1_0011_3375_225 , bird__cat     , cat          , bird       ,       3375,      225,   0.7, cat                , shape            , cat                , shape            , cat                     , shape                 , dog                               , other
c3_s1_0012_4856_6880, bird__cat     , cat          , bird       ,       4856,     6880,   0.7, deer               , other            , cat                , shape            , cat                     , shape                 , deer                              , other
c3_s1_0013_5294_4733, bird__cat     , cat          , bird       ,       5294,     4733,   0.7, cat                , shape            , monkey             , other            , cat                     , shape                 , cat                               , shape
c3_s1_0014_6459_963 , bird__cat     , cat          , bird       ,       6459,      963,   0.7, cat                , shape            , cat                , shape            , cat                     , shape                 , cat                               , shape
c3_s1_0017_2434_5929, bird__cat     , cat          , bird       ,       2434,     5929,   0.7, bird               , texture          , cat                , shape            , cat                     , shape                 , cat                               , shape
c3_s1_0018_5976_7217, bird__cat     , cat          , bird       ,       5976,     7217,   0.7, cat                , shape            , cat                , shape            , cat                     , shape                 , cat                               , shape
c3_s1_0019_5551_5830, bird__cat     , cat          , bird       ,       5551,     5830,   0.7, bird               , texture          , cat                , shape            , cat                     , shape                 , cat                               , shape
c3_s1_0020_4858_3834, bird__cat     , cat          , bird       ,       4858,     3834,   0.7, cat                , shape            , cat                , shape            , cat                     , shape                 , cat                               , shape
c3_s1_0022_6459_3223, bird__cat     , cat          , bird       ,       6459,     3223,   0.7, cat                , shape            , cat                , shape            , cat                     , shape                 , cat                               , shape
c3_s1_0023_1187_1218, bird__cat     , cat          , bird       ,       1187,     1218,   0.7, bird               , texture          , cat                , shape            , cat                     , shape                 , cat                               , shape
c3_s1_0024_2480_3223, bird__cat     , cat          , bird       ,       2480,     3223,   0.7, cat                , shape            , cat                , shape            , cat                     , shape                 , cat                               , shape
c2_s4_0001_6053_6441, car__deer     , car          , deer       ,       6053,     6441,   0.7, car                , shape            , car                , shape            , car                     , shape                 , car                               , shape
c2_s4_0002_6981_6122, car__deer     , car          , deer       ,       6981,     6122,   0.7, car                , shape            , car                , shape            , car                     , shape                 , car                               , shape
c2_s4_0003_3944_3078, car__deer     , car          , deer       ,       3944,     3078,   0.7, car                , shape            , car                , shape            , car                     , shape                 , car                               , shape
c2_s4_0004_7327_1694, car__deer     , car          , deer       ,       7327,     1694,   0.7, car                , shape            , car                , shape            , car                     , shape                 , car                               , shape
c2_s4_0005_6347_490 , car__deer     , car          , deer       ,       6347,      490,   0.7, car                , shape            , car                , shape            , car                     , shape                 , car                               , shape
c2_s4_0006_5577_1223, car__deer     , car          , deer       ,       5577,     1223,   0.7, car                , shape            , car                , shape            , car                     , shape                 , car                               , shape
c2_s4_0008_7843_1223, car__deer     , car          , deer       ,       7843,     1223,   0.7, car                , shape            , car                , shape            , car                     , shape                 , car                               , shape
c2_s4_0009_2252_4262, car__deer     , car          , deer       ,       2252,     4262,   0.7, car                , shape            , car                , shape            , car                     , shape                 , car                               , shape
c2_s4_0010_7711_321 , car__deer     , car          , deer       ,       7711,      321,   0.7, horse              , other            , car                , shape            , car                     , shape                 , car                               , shape
c2_s4_0011_6053_4616, car__deer     , car          , deer       ,       6053,     4616,   0.7, car                , shape            , car                , shape            , car                     , shape                 , car                               , shape
c2_s4_0012_5484_6122, car__deer     , car          , deer       ,       5484,     6122,   0.7, car                , shape            , car                , shape            , car                     , shape                 , car                               , shape
c2_s4_0013_7392_1223, car__deer     , car          , deer       ,       7392,     1223,   0.7, deer               , texture          , car                , shape            , car                     , shape                 , car                               , shape
c2_s4_0016_3067_650 , car__deer     , car          , deer       ,       3067,      650,   0.7, car                , shape            , car                , shape            , car                     , shape                 , car                               , shape
c2_s4_0017_4316_3012, car__deer     , car          , deer       ,       4316,     3012,   0.7, horse              , other            , car                , shape            , car                     , shape                 , car                               , shape
c2_s4_0018_6216_1669, car__deer     , car          , deer       ,       6216,     1669,   0.7, car                , shape            , car                , shape            , car                     , shape                 , car                               , shape
c2_s4_0019_1059_2875, car__deer     , car          , deer       ,       1059,     2875,   0.7, car                , shape            , car                , shape            , car                     , shape                 , car                               , shape
c2_s4_0020_88_3444  , car__deer     , car          , deer       ,         88,     3444,   0.7, truck              , other            , bird               , other            , truck                   , other                 , car                               , shape
c2_s4_0021_6053_490 , car__deer     , car          , deer       ,       6053,      490,   0.7, car                , shape            , car                , shape            , car                     , shape                 , car                               , shape
c2_s4_0022_4440_7728, car__deer     , car          , deer       ,       4440,     7728,   0.7, car                , shape            , car                , shape            , car                     , shape                 , car                               , shape
c2_s4_0024_3067_4616, car__deer     , car          , deer       ,       3067,     4616,   0.7, car                , shape            , car                , shape            , car                     , shape                 , car                               , shape
c4_s2_0002_6587_2915, car__deer     , deer         , car        ,       6587,     2915,   0.7, bird               , other            , deer               , shape            , bird                    , other                 , deer                              , shape
c4_s2_0003_321_6683 , car__deer     , deer         , car        ,        321,     6683,   0.7, deer               , shape            , deer               , shape            , monkey                  , other                 , deer                              , shape
c4_s2_0004_5765_5663, car__deer     , deer         , car        ,       5765,     5663,   0.7, bird               , other            , deer               , shape            , dog                     , other                 , deer                              , shape
c4_s2_0005_7910_6548, car__deer     , deer         , car        ,       7910,     6548,   0.7, deer               , shape            , deer               , shape            , deer                    , shape                 , deer                              , shape
c4_s2_0006_1550_1731, car__deer     , deer         , car        ,       1550,     1731,   0.7, deer               , shape            , deer               , shape            , deer                    , shape                 , deer                              , shape
c4_s2_0007_1694_3641, car__deer     , deer         , car        ,       1694,     3641,   0.7, bird               , other            , airplane           , other            , deer                    , shape                 , bird                              , other
c4_s2_0008_4089_4605, car__deer     , deer         , car        ,       4089,     4605,   0.7, bird               , other            , bird               , other            , bird                    , other                 , bird                              , other
c4_s2_0009_650_517  , car__deer     , deer         , car        ,        650,      517,   0.7, ship               , other            , airplane           , other            , airplane                , other                 , ship                              , other
c4_s2_0010_4616_1731, car__deer     , deer         , car        ,       4616,     1731,   0.7, deer               , shape            , deer               , shape            , deer                    , shape                 , deer                              , shape
c4_s2_0011_5708_1750, car__deer     , deer         , car        ,       5708,     1750,   0.7, horse              , other            , deer               , shape            , cat                     , other                 , deer                              , shape
c4_s2_0013_4006_1731, car__deer     , deer         , car        ,       4006,     1731,   0.7, deer               , shape            , deer               , shape            , cat                     , other                 , deer                              , shape
c4_s2_0014_7910_6053, car__deer     , deer         , car        ,       7910,     6053,   0.7, deer               , shape            , deer               , shape            , deer                    , shape                 , deer                              , shape
c4_s2_0015_1209_7711, car__deer     , deer         , car        ,       1209,     7711,   0.7, deer               , shape            , deer               , shape            , deer                    , shape                 , deer                              , shape
c4_s2_0016_2021_1750, car__deer     , deer         , car        ,       2021,     1750,   0.7, bird               , other            , bird               , other            , dog                     , other                 , deer                              , shape
c4_s2_0017_4155_7327, car__deer     , deer         , car        ,       4155,     7327,   0.7, deer               , shape            , deer               , shape            , deer                    , shape                 , deer                              , shape
c4_s2_0018_1550_2611, car__deer     , deer         , car        ,       1550,     2611,   0.7, deer               , shape            , deer               , shape            , deer                    , shape                 , deer                              , shape
c4_s2_0019_3928_332 , car__deer     , deer         , car        ,       3928,      332,   0.7, deer               , shape            , deer               , shape            , bird                    , other                 , bird                              , other
c4_s2_0020_4155_5177, car__deer     , deer         , car        ,       4155,     5177,   0.7, deer               , shape            , deer               , shape            , deer                    , shape                 , deer                              , shape
c4_s2_0021_7910_2915, car__deer     , deer         , car        ,       7910,     2915,   0.7, deer               , shape            , deer               , shape            , deer                    , shape                 , deer                              , shape
c4_s2_0023_4616_313 , car__deer     , deer         , car        ,       4616,      313,   0.7, deer               , shape            , deer               , shape            , deer                    , shape                 , deer                              , shape
c7_s9_0000_6149_7921, monkey__truck , monkey       , truck      ,       6149,     7921,   0.7, ship               , other            , airplane           , other            , truck                   , texture               , bird                              , other
c7_s9_0001_7769_1163, monkey__truck , monkey       , truck      ,       7769,     1163,   0.7, bird               , other            , monkey             , shape            , bird                    , other                 , bird                              , other
c7_s9_0002_680_7705 , monkey__truck , monkey       , truck      ,        680,     7705,   0.7, horse              , other            , monkey             , shape            , monkey                  , shape                 , monkey                            , shape
c7_s9_0004_2581_3200, monkey__truck , monkey       , truck      ,       2581,     3200,   0.7, bird               , other            , monkey             , shape            , monkey                  , shape                 , monkey                            , shape
c7_s9_0005_2207_852 , monkey__truck , monkey       , truck      ,       2207,      852,   0.7, deer               , other            , monkey             , shape            , monkey                  , shape                 , monkey                            , shape
c7_s9_0006_7695_1163, monkey__truck , monkey       , truck      ,       7695,     1163,   0.7, monkey             , shape            , monkey             , shape            , monkey                  , shape                 , monkey                            , shape
c7_s9_0007_2982_7671, monkey__truck , monkey       , truck      ,       2982,     7671,   0.7, truck              , texture          , monkey             , shape            , truck                   , texture               , horse                             , other
c7_s9_0008_7505_852 , monkey__truck , monkey       , truck      ,       7505,      852,   0.7, monkey             , shape            , monkey             , shape            , bird                    , other                 , bird                              , other
c7_s9_0009_2581_7671, monkey__truck , monkey       , truck      ,       2581,     7671,   0.7, truck              , texture          , truck              , texture          , cat                     , other                 , monkey                            , shape
c7_s9_0011_1473_7767, monkey__truck , monkey       , truck      ,       1473,     7767,   0.7, monkey             , shape            , monkey             , shape            , monkey                  , shape                 , monkey                            , shape
c7_s9_0012_230_7767 , monkey__truck , monkey       , truck      ,        230,     7767,   0.7, monkey             , shape            , monkey             , shape            , monkey                  , shape                 , monkey                            , shape
c7_s9_0014_1656_7701, monkey__truck , monkey       , truck      ,       1656,     7701,   0.7, monkey             , shape            , monkey             , shape            , monkey                  , shape                 , monkey                            , shape
c7_s9_0015_1122_3103, monkey__truck , monkey       , truck      ,       1122,     3103,   0.7, deer               , other            , cat                , other            , airplane                , other                 , truck                             , texture
c7_s9_0016_1224_1522, monkey__truck , monkey       , truck      ,       1224,     1522,   0.7, monkey             , shape            , monkey             , shape            , monkey                  , shape                 , bird                              , other
c7_s9_0017_2787_3249, monkey__truck , monkey       , truck      ,       2787,     3249,   0.7, monkey             , shape            , monkey             , shape            , monkey                  , shape                 , monkey                            , shape
c7_s9_0018_5535_243 , monkey__truck , monkey       , truck      ,       5535,      243,   0.7, airplane           , other            , airplane           , other            , truck                   , texture               , monkey                            , shape
c7_s9_0019_2581_243 , monkey__truck , monkey       , truck      ,       2581,      243,   0.7, horse              , other            , monkey             , shape            , monkey                  , shape                 , monkey                            , shape
c7_s9_0020_6225_7049, monkey__truck , monkey       , truck      ,       6225,     7049,   0.7, bird               , other            , monkey             , shape            , monkey                  , shape                 , bird                              , other
c7_s9_0021_6840_4049, monkey__truck , monkey       , truck      ,       6840,     4049,   0.7, ship               , other            , monkey             , shape            , truck                   , texture               , truck                             , texture
c7_s9_0022_864_2674 , monkey__truck , monkey       , truck      ,        864,     2674,   0.7, ship               , other            , monkey             , shape            , monkey                  , shape                 , monkey                            , shape
c9_s7_0001_852_680  , monkey__truck , truck        , monkey     ,        852,      680,   0.7, truck              , shape            , truck              , shape            , truck                   , shape                 , truck                             , shape
c9_s7_0002_3428_2207, monkey__truck , truck        , monkey     ,       3428,     2207,   0.7, truck              , shape            , truck              , shape            , truck                   , shape                 , truck                             , shape
c9_s7_0003_7147_2982, monkey__truck , truck        , monkey     ,       7147,     2982,   0.7, truck              , shape            , truck              , shape            , truck                   , shape                 , truck                             , shape
c9_s7_0004_7330_5697, monkey__truck , truck        , monkey     ,       7330,     5697,   0.7, truck              , shape            , truck              , shape            , truck                   , shape                 , truck                             , shape
c9_s7_0005_5211_4773, monkey__truck , truck        , monkey     ,       5211,     4773,   0.7, truck              , shape            , truck              , shape            , truck                   , shape                 , truck                             , shape
c9_s7_0006_4956_5535, monkey__truck , truck        , monkey     ,       4956,     5535,   0.7, bird               , other            , truck              , shape            , truck                   , shape                 , truck                             , shape
c9_s7_0007_6496_4951, monkey__truck , truck        , monkey     ,       6496,     4951,   0.7, truck              , shape            , truck              , shape            , truck                   , shape                 , truck                             , shape
c9_s7_0008_3249_6374, monkey__truck , truck        , monkey     ,       3249,     6374,   0.7, bird               , other            , car                , other            , truck                   , shape                 , car                               , other
c9_s7_0009_4049_6322, monkey__truck , truck        , monkey     ,       4049,     6322,   0.7, car                , other            , car                , other            , truck                   , shape                 , truck                             , shape
c9_s7_0010_5621_2773, monkey__truck , truck        , monkey     ,       5621,     2773,   0.7, truck              , shape            , truck              , shape            , truck                   , shape                 , truck                             , shape
c9_s7_0011_7654_6869, monkey__truck , truck        , monkey     ,       7654,     6869,   0.7, truck              , shape            , truck              , shape            , truck                   , shape                 , truck                             , shape
c9_s7_0012_4049_3590, monkey__truck , truck        , monkey     ,       4049,     3590,   0.7, truck              , shape            , truck              , shape            , truck                   , shape                 , truck                             , shape
c9_s7_0013_7654_6840, monkey__truck , truck        , monkey     ,       7654,     6840,   0.7, truck              , shape            , truck              , shape            , truck                   , shape                 , truck                             , shape
c9_s7_0014_5621_1985, monkey__truck , truck        , monkey     ,       5621,     1985,   0.7, truck              , shape            , truck              , shape            , truck                   , shape                 , truck                             , shape
c9_s7_0015_7049_6149, monkey__truck , truck        , monkey     ,       7049,     6149,   0.7, truck              , shape            , truck              , shape            , truck                   , shape                 , truck                             , shape
c9_s7_0017_6536_864 , monkey__truck , truck        , monkey     ,       6536,      864,   0.7, ship               , other            , truck              , shape            , truck                   , shape                 , truck                             , shape
c9_s7_0019_4721_7695, monkey__truck , truck        , monkey     ,       4721,     7695,   0.7, truck              , shape            , truck              , shape            , truck                   , shape                 , truck                             , shape
c9_s7_0020_4721_4951, monkey__truck , truck        , monkey     ,       4721,     4951,   0.7, bird               , other            , bird               , other            , monkey                  , texture               , monkey                            , texture
c9_s7_0021_4049_6149, monkey__truck , truck        , monkey     ,       4049,     6149,   0.7, truck              , shape            , truck              , shape            , truck                   , shape                 , truck                             , shape
c9_s7_0023_243_2773 , monkey__truck , truck        , monkey     ,        243,     2773,   0.7, ship               , other            , truck              , shape            , truck                   , shape                 , truck                             , shape
