model_name             , condition           , displacement, direction, translation_x, translation_y, accuracy_pct     , accuracy_change_pp  , prediction_consistency_pct
resnet50               , baseline            ,            0, none     , 0            , 0            , 97.79999852180481, 0.0                 ,         100.0
resnet50               , translation_right_8 ,            8, right    , 8            , 0            , 97.2000002861023 , -0.5999982357025146 ,          99.00000095367432
resnet50               , translation_left_8  ,            8, left     , -8           , 0            , 97.39999771118164, -0.40000081062316895,          99.19999837875366
resnet50               , translation_down_8  ,            8, down     , 0            , 8            , 97.39999771118164, -0.40000081062316895,          99.40000176429749
resnet50               , translation_up_8    ,            8, up       , 0            , -8           , 97.60000109672546, -0.1999974250793457 ,          99.40000176429749
resnet50               , translation_right_16,           16, right    , 16           , 0            , 97.2000002861023 , -0.5999982357025146 ,          99.19999837875366
resnet50               , translation_left_16 ,           16, left     , -16          , 0            , 96.60000205039978, -1.1999964714050293 ,          98.00000190734863
resnet50               , translation_down_16 ,           16, down     , 0            , 16           , 97.00000286102295, -0.7999956607818604 ,          98.7999975681305
resnet50               , translation_up_16   ,           16, up       , 0            , -16          , 97.2000002861023 , -0.5999982357025146 ,          99.19999837875366
resnet50               , translation_right_32,           32, right    , 32           , 0            , 97.00000286102295, -0.7999956607818604 ,          99.00000095367432
resnet50               , translation_left_32 ,           32, left     , -32          , 0            , 97.00000286102295, -0.7999956607818604 ,          98.19999933242798
resnet50               , translation_down_32 ,           32, down     , 0            , 32           , 97.79999852180481, 0.0                 ,          99.00000095367432
resnet50               , translation_up_32   ,           32, up       , 0            , -32          , 97.2000002861023 , -0.5999982357025146 ,          98.19999933242798
vit_b_16               , baseline            ,            0, none     , 0            , 0            , 98.7999975681305 , 0.0                 ,         100.0
vit_b_16               , translation_right_8 ,            8, right    , 8            , 0            , 98.4000027179718 , -0.3999948501586914 ,          99.00000095367432
vit_b_16               , translation_left_8  ,            8, left     , -8           , 0            , 98.19999933242798, -0.5999982357025146 ,          99.00000095367432
vit_b_16               , translation_down_8  ,            8, down     , 0            , 8            , 98.7999975681305 , 0.0                 ,          99.59999918937683
vit_b_16               , translation_up_8    ,            8, up       , 0            , -8           , 98.7999975681305 , 0.0                 ,          98.7999975681305
vit_b_16               , translation_right_16,           16, right    , 16           , 0            , 98.4000027179718 , -0.3999948501586914 ,          99.59999918937683
vit_b_16               , translation_left_16 ,           16, left     , -16          , 0            , 99.00000095367432, 0.20000338554382324 ,          99.80000257492065
vit_b_16               , translation_down_16 ,           16, down     , 0            , 16           , 98.7999975681305 , 0.0                 ,          99.40000176429749
vit_b_16               , translation_up_16   ,           16, up       , 0            , -16          , 98.4000027179718 , -0.3999948501586914 ,          99.59999918937683
vit_b_16               , translation_right_32,           32, right    , 32           , 0            , 98.00000190734863, -0.7999956607818604 ,          99.00000095367432
vit_b_16               , translation_left_32 ,           32, left     , -32          , 0            , 98.4000027179718 , -0.3999948501586914 ,          98.7999975681305
vit_b_16               , translation_down_32 ,           32, down     , 0            , 32           , 98.4000027179718 , -0.3999948501586914 ,          98.60000014305115
vit_b_16               , translation_up_32   ,           32, up       , 0            , -32          , 98.4000027179718 , -0.3999948501586914 ,          99.00000095367432
clip_vit_b_32          , baseline            ,            0, none     , 0            , 0            , 97.79999852180481, 0.0                 ,         100.0
clip_vit_b_32          , translation_right_8 ,            8, right    , 8            , 0            , 97.60000109672546, -0.1999974250793457 ,          97.79999852180481
clip_vit_b_32          , translation_left_8  ,            8, left     , -8           , 0            , 97.60000109672546, -0.1999974250793457 ,          98.00000190734863
clip_vit_b_32          , translation_down_8  ,            8, down     , 0            , 8            , 97.39999771118164, -0.40000081062316895,          97.2000002861023
clip_vit_b_32          , translation_up_8    ,            8, up       , 0            , -8           , 98.00000190734863, 0.20000338554382324 ,          97.39999771118164
clip_vit_b_32          , translation_right_16,           16, right    , 16           , 0            , 97.79999852180481, 0.0                 ,          97.2000002861023
clip_vit_b_32          , translation_left_16 ,           16, left     , -16          , 0            , 97.00000286102295, -0.7999956607818604 ,          97.2000002861023
clip_vit_b_32          , translation_down_16 ,           16, down     , 0            , 16           , 97.60000109672546, -0.1999974250793457 ,          97.39999771118164
clip_vit_b_32          , translation_up_16   ,           16, up       , 0            , -16          , 97.2000002861023 , -0.5999982357025146 ,          96.60000205039978
clip_vit_b_32          , translation_right_32,           32, right    , 32           , 0            , 97.2000002861023 , -0.5999982357025146 ,          97.39999771118164
clip_vit_b_32          , translation_left_32 ,           32, left     , -32          , 0            , 97.00000286102295, -0.7999956607818604 ,          98.7999975681305
clip_vit_b_32          , translation_down_32 ,           32, down     , 0            , 32           , 96.60000205039978, -1.1999964714050293 ,          98.00000190734863
clip_vit_b_32          , translation_up_32   ,           32, up       , 0            , -32          , 97.60000109672546, -0.1999974250793457 ,          97.00000286102295
clip_vit_b_32_zero_shot, baseline            ,            0, none     , 0            , 0            , 96.79999947547913, 0.0                 ,         100.0
clip_vit_b_32_zero_shot, translation_right_8 ,            8, right    , 8            , 0            , 95.39999961853027, -1.3999998569488525 ,          97.2000002861023
clip_vit_b_32_zero_shot, translation_left_8  ,            8, left     , -8           , 0            , 94.59999799728394, -2.2000014781951904 ,          97.00000286102295
clip_vit_b_32_zero_shot, translation_down_8  ,            8, down     , 0            , 8            , 95.99999785423279, -0.8000016212463379 ,          98.4000027179718
clip_vit_b_32_zero_shot, translation_up_8    ,            8, up       , 0            , -8           , 96.79999947547913, 0.0                 ,          97.39999771118164
clip_vit_b_32_zero_shot, translation_right_16,           16, right    , 16           , 0            , 94.9999988079071 , -1.8000006675720215 ,          95.99999785423279
clip_vit_b_32_zero_shot, translation_left_16 ,           16, left     , -16          , 0            , 94.40000057220459, -2.399998903274536  ,          95.99999785423279
clip_vit_b_32_zero_shot, translation_down_16 ,           16, down     , 0            , 16           , 95.59999704360962, -1.2000024318695068 ,          97.00000286102295
clip_vit_b_32_zero_shot, translation_up_16   ,           16, up       , 0            , -16          , 95.80000042915344, -0.9999990463256836 ,          97.2000002861023
clip_vit_b_32_zero_shot, translation_right_32,           32, right    , 32           , 0            , 94.9999988079071 , -1.8000006675720215 ,          97.00000286102295
clip_vit_b_32_zero_shot, translation_left_32 ,           32, left     , -32          , 0            , 95.20000219345093, -1.5999972820281982 ,          97.39999771118164
clip_vit_b_32_zero_shot, translation_down_32 ,           32, down     , 0            , 32           , 94.9999988079071 , -1.8000006675720215 ,          97.39999771118164
clip_vit_b_32_zero_shot, translation_up_32   ,           32, up       , 0            , -32          , 95.99999785423279, -0.8000016212463379 ,          97.60000109672546
